Brand ID,Brand,Logo,Flag,country,foundation
1,9FF,https://www.carlogos.org/logo/9ff-logo-2560x1400.png,https://www.supercarworld.com/images/flags/germany.gif,Germany,2001
2,ABT,https://www.supercarworld.com/images/logos/ABT.gif,https://www.supercarworld.com/images/flags/germany.gif,Germany,1896
3,AC,https://www.carlogos.org/logo/AC-logo-1920x1080.png,https://www.supercarworld.com/images/flags/southafrica.gif,United Kingdom,1901
4,AC Schnitzer,https://www.supercarworld.com/images/logos/AC%20Schnitzer.gif,https://www.supercarworld.com/images/flags/germany.gif,Germany,1987
5,AIM,https://www.supercarworld.com/images/logos/AIM.gif,https://www.supercarworld.com/images/flags/japan.gif,Japan,1998
6,AMC,https://www.supercarworld.com/images/logos/AMC.gif,https://www.supercarworld.com/images/flags/usa.gif,United States,1954
7,AMG,https://www.supercarworld.com/images/logos/AMG.gif,https://www.supercarworld.com/images/flags/germany.gif,Germany,1967
8,ATS,https://www.supercarworld.com/images/logos/ATS.gif,https://www.supercarworld.com/images/flags/italy.gif,Italy,1962
9,Adams,https://www.supercarworld.com/images/logos/Adams.gif,https://www.supercarworld.com/images/flags/gb.gif,United Kingdom,1969
10,Alfa Romeo,https://www.carlogos.org/logo/Alfa-Romeo-logo-2015-1920x1080.png,https://www.supercarworld.com/images/flags/italy.gif,Italy,1910
11,Alpina,https://www.carlogos.org/logo/Alpina-logo-2560x1440.png,https://www.supercarworld.com/images/flags/germany.gif,Germany,1965
12,Alpine,https://www.carlogos.org/logo/Alpine-logo-1440x900.png,https://www.supercarworld.com/images/flags/france.gif,France,1955
13,Apollo,https://www.carlogos.org/logo/Apollo-Automobil-logo-2048x2048.png,https://www.supercarworld.com/images/flags/germany.gif,Germany,2004
14,Arash,https://www.carlogos.org/logo/Arash-logo-1920x1080.jpg,https://www.supercarworld.com/images/flags/gb.gif,United Kingdom,1999
15,Arcfox,https://www.supercarworld.com/images/logos/Arcfox.gif,https://www.supercarworld.com/images/flags/china.gif,China,2017
16,Ares,https://www.supercarworld.com/images/logos/Ares.gif,https://www.supercarworld.com/images/flags/italy.gif,Italy,2014
17,Ariel,https://www.carlogos.org/logo/Ariel-logo-2000-2500x2500.png,https://www.supercarworld.com/images/flags/gb.gif,United Kingdom,1870
18,Arrinera,https://www.carlogos.org/logo/Arrinera-logo-800x600.png,https://www.supercarworld.com/images/flags/poland.gif,Poland,2008
19,Artega,https://www.carlogos.org/logo/Artega-logo-2048x2048.png,https://www.supercarworld.com/images/flags/germany.gif,Germany,2006
20,Ascari,https://www.carlogos.org/logo/Ascari-logo-1995-2560x1440.png,https://www.supercarworld.com/images/flags/gb.gif,United Kingdom,1995
21,Aspark,https://www.supercarworld.com/images/logos/Aspark.gif,https://www.supercarworld.com/images/flags/japan.gif,Japan,2005
22,Aspid,https://www.supercarworld.com/images/logos/Aspid.gif,https://www.supercarworld.com/images/flags/spain.gif,Spain,2003
23,Aston Martin,https://www.carlogos.org/logo/Aston-Martin-logo-2003-6000x3000.png,https://www.supercarworld.com/images/flags/gb.gif,United Kingdom,1913
24,Audi,https://www.carlogos.org/car-logos/audi-logo-1978-download.png,https://www.supercarworld.com/images/flags/germany.gif,Germany,1909
25,Aurus,https://www.supercarworld.com/images/logos/Aurus.gif,https://www.supercarworld.com/images/flags/russia.gif,Russia,2018
26,Austro Daimler,https://www.supercarworld.com/images/logos/Austro%20Daimler.gif,https://www.supercarworld.com/images/flags/austria.gif,Austria,1899
27,B Engineering,https://www.supercarworld.com/images/logos/B%20Engineering.gif,https://www.supercarworld.com/images/flags/italy.gif,Italy,2001
28,B-Racing,https://www.supercarworld.com/images/logos/B-Racing.gif,https://www.supercarworld.com/images/flags/czechrepublic.gif,Czech Republic,2000
29,BAC,https://www.carlogos.org/logo/BAC-logo-black-1024x768.png,https://www.supercarworld.com/images/flags/gb.gif,United Kingdom,2009
30,BMW,https://www.carlogos.org/car-logos/bmw-logo-2020-gray-download.png,https://www.supercarworld.com/images/flags/germany.gif,German,1916
31,BYD,https://www.carlogos.org/logo/BYD-logo-2007-2560x1440.png,https://www.supercarworld.com/images/flags/china.gif,China,1995
32,Bentley,https://www.carlogos.org/car-logos/bentley-logo-2002-640.png,https://www.supercarworld.com/images/flags/gb.gif,United Kingdom,1919
33,Bertone,https://www.carlogos.org/logo/Bertone-logo-4300x2600.png,https://www.supercarworld.com/images/flags/italy.gif,Italy,1912
34,Bizzarrini,https://www.carlogos.org/logo/Facel-logo-1920x1080.jpg,https://www.supercarworld.com/images/flags/italy.gif,Italy,1964
35,Boreas,https://www.supercarworld.com/images/logos/Boreas.gif,https://www.supercarworld.com/images/flags/spain.gif,Spain,2017
36,Brabham,https://www.supercarworld.com/images/logos/Brabham.gif,https://www.supercarworld.com/images/flags/australia.gif,United Kingdom,1960
37,Brabus,https://www.carlogos.org/logo/Brabus-logo-2560x1440.png,https://www.supercarworld.com/images/flags/germany.gif,Germany,1977
38,Bristol,https://www.carlogos.org/logo/Bristol-Cars-logo.png,https://www.supercarworld.com/images/flags/gb.gif,United Kingdom,1945
39,Brooke,https://www.carlogos.org/logo/Brooke-Cars-logo-640x480.png,https://www.supercarworld.com/images/flags/gb.gif,United Kingdom,2002
40,Bugatti,https://www.carlogos.org/logo/Bugatti-logo-1024x768.png,https://www.supercarworld.com/images/flags/france.gif,France,1909
41,Buick,https://www.carlogos.org/logo/Buick-logo-2002-2560x1440.png,https://www.supercarworld.com/images/flags/usa.gif,United States,1899
42,Cadillac,https://www.supercarworld.com/images/logos/Cadillac.gif,https://www.supercarworld.com/images/flags/usa.gif,United States,1902
43,Callaway,https://www.supercarworld.com/images/logos/Callaway.gif,https://www.supercarworld.com/images/flags/usa.gif,United States,1977
44,Callum,https://www.supercarworld.com/images/logos/Callum.gif,https://www.supercarworld.com/images/flags/gb.gif,United Kingdom,2019
45,Caparo,https://www.carlogos.org/logo/Caparo-2006-logo-1366x768.png,https://www.supercarworld.com/images/flags/gb.gif,United Kingdom,2006
46,Caterham,https://www.carlogos.org/logo/Caterham-logo-1920x1080.png,https://www.supercarworld.com/images/flags/gb.gif,United Kingdom,1973
47,Charge,https://www.supercarworld.com/images/logos/Charge.gif,https://www.supercarworld.com/images/flags/gb.gif,United Kingdom,2016
48,Chevrolet,https://www.carlogos.org/logo/Chevrolet-logo-2013-2560x1440.png,https://www.supercarworld.com/images/flags/usa.gif,United States,1911
49,Chrysler,https://www.supercarworld.com/images/logos/Chrysler.gif,https://www.supercarworld.com/images/flags/usa.gif,United States,1925
50,Citroen,https://www.carlogos.org/logo/Citroen-logo-2009-2048x2048.png,https://www.supercarworld.com/images/flags/france.gif,France,1919
51,Cizeta Moroder,https://www.supercarworld.com/images/logos/Cizeta%20Moroder.gif,https://www.supercarworld.com/images/flags/italy.gif,Italy,1988
52,Climax,https://www.supercarworld.com/images/logos/Climax.gif,https://www.supercarworld.com/images/flags/gb.gif,United Kingdom,2007
53,Colani,https://www.supercarworld.com/images/logos/Colani.gif,https://www.supercarworld.com/images/flags/germany.gif,Germany,1950
54,Connaught,https://www.supercarworld.com/images/logos/Connaught.gif,https://www.supercarworld.com/images/flags/gb.gif,United Kingdom,1950
55,Covini,https://www.supercarworld.com/images/logos/Covini.gif,https://www.supercarworld.com/images/flags/italy.gif,Italy,1978
56,Czinger,https://www.supercarworld.com/images/logos/Czinger.gif,https://www.supercarworld.com/images/flags/usa.gif,United States,2019
57,DMC,https://www.supercarworld.com/images/logos/DMC.gif,https://www.supercarworld.com/images/flags/germany.gif,United States,1975
58,Dallara,https://www.supercarworld.com/images/logos/Dallara.gif,https://www.supercarworld.com/images/flags/italy.gif,Italy,1972
59,Dauer,https://www.supercarworld.com/images/logos/Dauer.gif,https://www.supercarworld.com/images/flags/germany.gif,Germany,1987
60,David Brown,https://www.carlogos.org/logo/David-Brown-logo-1366x768.png,https://www.supercarworld.com/images/flags/gb.gif,David Brown,2013
61,Dax,https://www.supercarworld.com/images/logos/Dax.gif,https://www.supercarworld.com/images/flags/gb.gif,United Kingdom,1968
62,De Lorean,https://www.supercarworld.com/images/logos/De%20Lorean.gif,https://www.supercarworld.com/images/flags/usa.gif,United States,1975
63,De Tomaso,https://www.carlogos.org/logo/De-Tomaso-logo-1960-1920x1080.png,https://www.supercarworld.com/images/flags/italy.gif,Italy,1959
64,Delage,https://www.carlogos.org/logo/Delage-logo-1440x900.png,https://www.supercarworld.com/images/flags/france.gif,France,1905
65,Deus,https://www.supercarworld.com/images/logos/Deus.gif,https://www.supercarworld.com/images/flags/austria.gif,Austria,2020
66,Devel,https://www.supercarworld.com/images/logos/Devel.gif,https://www.supercarworld.com/images/flags/uae.gif,United Arab Emirates,2013
67,Dodge,https://www.carlogos.org/car-logos/dodge-logo-2010-download.png,https://www.supercarworld.com/images/flags/usa.gif,United States,1900
68,Dome,https://www.supercarworld.com/images/logos/Dome.gif,https://www.supercarworld.com/images/flags/japan.gif,Japan,1975
69,Donkervoort,https://www.carlogos.org/logo/Donkervoort-logo-2560x1440.png,https://www.supercarworld.com/images/flags/netherlands.gif,Netherlands,1978
70,ES Motorsports,https://www.supercarworld.com/images/logos/ES%20Motorsports.gif,https://www.supercarworld.com/images/flags/italy.gif,Lithuania,2008
71,Eadon Green,https://www.supercarworld.com/images/logos/Eadon%20Green.gif,https://www.supercarworld.com/images/flags/gb.gif,United Kingdom,2016
72,Eagle,https://www.carlogos.org/logo/Eagle-automobile-logo-1920x1080.png,https://www.supercarworld.com/images/flags/gb.gif,United States,1988
73,Elemental,https://www.carlogos.org/logo/Elemental-logo-1024x768.png,https://www.supercarworld.com/images/flags/gb.gif,United Kingdom,2012
74,Elfin,https://www.carlogos.org/logo/Elfin-logo-640x330.jpg,https://www.supercarworld.com/images/flags/australia.gif,Australia,1957
75,Engler,https://www.supercarworld.com/images/logos/Engler.gif,https://www.supercarworld.com/images/flags/gb.gif,Slovakia,2014
76,Evanta,https://www.supercarworld.com/images/logos/Evanta.gif,https://www.supercarworld.com/images/flags/gb.gif,United Kingdom,2012
77,FAB Design,https://www.supercarworld.com/images/logos/FAB%20Design.gif,https://www.supercarworld.com/images/flags/switzerland.gif,Switzerland,1997
78,Factory Five Racing,https://www.supercarworld.com/images/logos/Factory%20Five%20Racing.gif,https://www.supercarworld.com/images/flags/usa.gif,United States,1995
79,Falcon Motorsports,https://www.supercarworld.com/images/logos/Falcon%20Motorsports.gif,https://www.supercarworld.com/images/flags/usa.gif,United States,2009
80,Faraday Future,https://www.carlogos.org/logo/Faraday-Future-logo-2000x1500.png,https://www.supercarworld.com/images/flags/usa.gif,United States,2014
81,Felber,https://www.supercarworld.com/images/logos/Felber.gif,https://www.supercarworld.com/images/flags/switzerland.gif,Switzerland,1974
82,Ferrari,https://www.carlogos.org/car-logos/ferrari-logo-2002-640.png,https://www.supercarworld.com/images/flags/italy.gif,Italy,1947
83,Fiat,https://www.carlogos.org/logo/Fiat-logo-2006-1920x1080.png,https://www.supercarworld.com/images/flags/italy.gif,Italy,1899
84,Fioravanti,https://www.carlogos.org/logo/Fioravanti-logo-640x274.jpg,https://www.supercarworld.com/images/flags/italy.gif,Italy,1987
85,Fisker,https://www.carlogos.org/logo/Fisker-logo-2007-1920x1080.png,https://www.supercarworld.com/images/flags/usa.gif,United States,2007
86,Fittipaldi,https://www.supercarworld.com/images/logos/Fittipaldi.gif,https://www.supercarworld.com/images/flags/italy.gif,Brazil,2016
87,Ford,https://www.carlogos.org/car-logos/ford-logo-2017-640.png,https://www.supercarworld.com/images/flags/usa.gif,United States,1903
88,Foreman,https://www.supercarworld.com/images/logos/Foreman.gif,https://www.supercarworld.com/images/flags/gb.gif,United Kingdom,1988
89,Fraser-Nash,https://www.supercarworld.com/images/logos/Fraser-Nash.gif,https://www.supercarworld.com/images/flags/italy.gif,United Kingdom,1922
90,GFG Style,https://www.supercarworld.com/images/logos/GFG%20Style.gif,https://www.supercarworld.com/images/flags/italy.gif,Italy,2015
91,GM,https://www.supercarworld.com/images/logos/GM.gif,https://www.supercarworld.com/images/flags/usa.gif,United States,1908
92,GTA,https://www.supercarworld.com/images/logos/GTA.gif,https://www.supercarworld.com/images/flags/spain.gif,Spain,1994
93,Gardner Douglas,https://www.carlogos.org/logo/Gardner-Douglas-logo-640x480.png,https://www.supercarworld.com/images/flags/gb.gif,United Kingdom,1990
94,Gemballa,https://www.supercarworld.com/images/logos/Gemballa.gif,https://www.supercarworld.com/images/flags/germany.gif,Germany,1981
95,Genesis,https://www.carlogos.org/logo/Genesis-logo-4096x1638.jpg,https://www.supercarworld.com/images/flags/southkorea.gif,South Korea,2015
96,Ghia,https://www.supercarworld.com/images/logos/Ghia.gif,https://www.supercarworld.com/images/flags/usa.gif,Italy,1916
97,Ginetta,https://www.carlogos.org/logo/Ginetta-logo-1024x768.png,https://www.supercarworld.com/images/flags/gb.gif,United Kingdom,1958
98,Gordon Murray Automotive,https://www.supercarworld.com/images/logos/Gordon%20Murray%20Automotive.gif,https://www.supercarworld.com/images/flags/gb.gif,United Kingdom,2017
99,Grinnall,https://www.carlogos.org/logo/Grinnall-cars-logo-1366x768.png,https://www.supercarworld.com/images/flags/gb.gif,United Kingdom,1991
100,Gumpert,https://www.carlogos.org/logo/Gumpert-logo-1920x1080.png,https://www.supercarworld.com/images/flags/germany.gif,Germany,2004
101,Gunther Werks,https://www.supercarworld.com/images/logos/Gunther%20Werks.gif,https://www.supercarworld.com/images/flags/usa.gif,United States,2017
102,Hamann,https://www.supercarworld.com/images/logos/Hamann.gif,https://www.supercarworld.com/images/flags/germany.gif,Germany,1986
103,Hennessey,https://www.carlogos.org/logo/Hennessey-text-logo-1186x130.png,https://www.supercarworld.com/images/flags/usa.gif,United States,1991
104,Heuliez,https://www.supercarworld.com/images/logos/Heuliez.gif,https://www.supercarworld.com/images/flags/italy.gif,France,1920
105,Hispano Suiza,https://www.carlogos.org/logo/Hispano-Suiza-logo-640x183.jpg,https://www.supercarworld.com/images/flags/spain.gif,Spain,1904
106,Honda,https://www.carlogos.org/car-logos/honda-logo-2000-full-640.png,https://www.supercarworld.com/images/flags/japan.gif,Japan,1986
107,Hyundai,https://www.carlogos.org/car-logos/hyundai-logo-2011-640.png,https://www.supercarworld.com/images/flags/southkorea.gif,South Korea,1967
108,Icona,https://www.supercarworld.com/images/logos/Icona.gif,https://www.supercarworld.com/images/flags/italy.gif,Italy,2010
109,Ikeya Formula,https://www.supercarworld.com/images/logos/Ikeya%20Formula.gif,https://www.supercarworld.com/images/flags/japan.gif,Japan,1968
110,Infiniti,https://www.carlogos.org/logo/Infiniti-logo-1989-2560x1440.png,https://www.supercarworld.com/images/flags/japan.gif,Hong Kong,1989
111,Invicta,https://www.supercarworld.com/images/logos/Invicta.gif,https://www.supercarworld.com/images/flags/gb.gif,United Kingdom,1925
112,Isdera,https://www.carlogos.org/logo/Isdera-logo-640x413.jpg,https://www.supercarworld.com/images/flags/germany.gif,Germany,1969
113,Iso Rivolta,https://www.supercarworld.com/images/logos/Iso%20Rivolta.gif,https://www.supercarworld.com/images/flags/italy.gif,Italy,1953
114,Italdesign,https://www.supercarworld.com/images/logos/Italdesign.gif,https://www.supercarworld.com/images/flags/italy.gif,Italy,1968
115,Jaguar,https://www.carlogos.org/car-logos/jaguar-logo-2021-640.png,https://www.supercarworld.com/images/flags/italy.gif,United Kingdom,1922
116,Jannarelly,https://www.supercarworld.com/images/logos/Jannarelly.gif,https://www.supercarworld.com/images/flags/uae.gif,United Arab Emirates,2016
117,Jeep,https://www.carlogos.org/car-logos/jeep-logo-1993-640.png,https://www.supercarworld.com/images/flags/usa.gif,United States,1987
118,Jensen,https://www.carlogos.org/logo/Jensen-logo-640x556.jpg,https://www.supercarworld.com/images/flags/gb.gif,United Kingdom,1934
119,John Dodd,https://www.supercarworld.com/images/logos/John%20Dodd.gif,https://www.supercarworld.com/images/flags/gb.gif,United Kingdom,1972
120,Joss,https://www.supercarworld.com/images/logos/Joss.gif,https://www.supercarworld.com/images/flags/australia.gif,Australia,2004
121,KTM,https://www.carlogos.org/logo/KTM-logo-1920x1080.png,https://www.supercarworld.com/images/flags/denmark.gif,Austria,1934
122,Keio University,https://www.supercarworld.com/images/logos/Keio%20University.gif,https://www.supercarworld.com/images/flags/japan.gif,Japan,2004
123,Ken Okuyama Cars,https://www.supercarworld.com/images/logos/Ken%20Okuyama%20Cars.gif,https://www.supercarworld.com/images/flags/japan.gif,Japan,2007
124,Kimera Automobili,https://www.supercarworld.com/images/logos/Kimera%20Automobili.gif,https://www.supercarworld.com/images/flags/italy.gif,Italy,2013
125,Koenig,https://www.supercarworld.com/images/logos/Koenig.gif,https://www.supercarworld.com/images/flags/germany.gif,Germany,1974
126,Koenigsegg,https://www.carlogos.org/logo/Koenigsegg-logo-1994-2048x2048.png,https://www.supercarworld.com/images/flags/sweden.gif,Sweden,1994
127,Lamborghini,https://www.carlogos.org/car-logos/lamborghini-logo-1998-640.png,https://www.supercarworld.com/images/flags/italy.gif,Italy,1963
128,Lancia,https://www.carlogos.org/logo/Lancia-logo-2007-1920x1080.png,https://www.supercarworld.com/images/flags/italy.gif,Italy,1906
129,Land Rover,https://www.carlogos.org/logo/Land-Rover-logo-2011-1920x1080.png,https://www.supercarworld.com/images/flags/gb.gif,United Kingdom,1948
130,Laraki,https://www.carlogos.org/logo/Laraki-logo-1920x1080.png,https://www.supercarworld.com/images/flags/morocco.gif,Moroccan,1999
131,LeBlanc,https://www.supercarworld.com/images/logos/LeBlanc.gif,https://www.supercarworld.com/images/flags/switzerland.gif,Switzerland,1995
132,Leading Edge,https://www.supercarworld.com/images/logos/Leading%20Edge.gif,https://www.supercarworld.com/images/flags/gb.gif,United Kingdom,2002
133,Lexus,https://www.carlogos.org/logo/Lexus-logo-1988-1920x1080.png,https://www.supercarworld.com/images/flags/japan.gif,Japan,1983
134,Liberty Walk,https://www.supercarworld.com/images/logos/Liberty%20Walk.gif,https://www.supercarworld.com/images/flags/japan.gif,Japan,1993
135,Light Car Company,https://www.supercarworld.com/images/logos/Light%20Car%20Company.gif,https://www.supercarworld.com/images/flags/gb.gif,United Kingdom,1991
136,Lister,https://www.carlogos.org/logo/Lister-Cars-logo-2900x2900.png,https://www.supercarworld.com/images/flags/gb.gif,United Kingdom,1954
137,Lotec,https://www.supercarworld.com/images/logos/Lotec.gif,https://www.supercarworld.com/images/flags/germany.gif,Germany,1962
138,Lotus,https://www.carlogos.org/logo/Lotus-logo-2019-1800x1800.png,https://www.supercarworld.com/images/flags/gb.gif,United Kingdom,1952
139,Lucid,https://www.carlogos.org/logo/Lucid-Motors-logo-1500x200.png,https://www.supercarworld.com/images/flags/usa.gif,United States,2007
140,MAT,https://www.supercarworld.com/images/logos/MAT.gif,https://www.supercarworld.com/images/flags/italy.gif,Italy,2014
141,MB Roadcars,https://www.supercarworld.com/images/logos/MB%20Roadcars.gif,https://www.supercarworld.com/images/flags/gb.gif,United Kingdom,2007
142,MG,https://www.carlogos.org/logo/MG-logo-red-2010-1920x1080.png,https://www.supercarworld.com/images/flags/china.gif,United Kingdom,1924
143,Mansory,https://www.carlogos.org/logo/Mansory-logo-1600x400.png,https://www.supercarworld.com/images/flags/germany.gif,Germany,1989
144,Marcos,https://www.carlogos.org/logo/Marcos-logo-640x460.jpg,https://www.supercarworld.com/images/flags/gb.gif,United Kingdom,1959
145,Maserati,https://www.carlogos.org/car-logos/maserati-logo-2020-640.png,https://www.supercarworld.com/images/flags/italy.gif,Italy,1914
146,Maybach,https://www.carlogos.org/logo/Maybach-logo-2560x1440.png,https://www.supercarworld.com/images/flags/germany.gif,Germany,1909
147,Mazda,https://www.carlogos.org//car-logos/mazda-logo-1959-download.png,https://www.supercarworld.com/images/flags/japan.gif,Japan,1920
148,McLaren,https://www.carlogos.org/logo/McLaren-logo-2002-2560x1440.png,https://www.supercarworld.com/images/flags/gb.gif,United Kingdom,1963
149,McMurtry,https://www.supercarworld.com/images/logos/McMurtry.gif,https://www.supercarworld.com/images/flags/gb.gif,United Kingdom,2016
150,Mega,https://www.supercarworld.com/images/logos/Mega.gif,https://www.supercarworld.com/images/flags/france.gif,France,1992
151,Mercedes,https://www.carlogos.org/logo/Mercedes-Benz-logo-2011-640x369.jpg,https://www.supercarworld.com/images/flags/germany.gif,Germany,1926
152,Mirov,https://www.supercarworld.com/images/logos/Mirov.gif,https://www.supercarworld.com/images/flags/gb.gif,United Kingdom,1987
153,Mitsubishi,https://www.carlogos.org/logo/Mitsubishi-logo-2000x2500.png,https://www.supercarworld.com/images/flags/japan.gif,Japan,1970
154,Monteverdi,https://www.supercarworld.com/images/logos/Monteverdi.gif,https://www.supercarworld.com/images/flags/switzerland.gif,Switzerland,1967
155,Morgan,https://www.carlogos.org/logo/Morgan-logo-1920x1080.png,https://www.supercarworld.com/images/flags/gb.gif,United Kingdom,1910
156,Mosler,https://www.carlogos.org/logo/Mosler-logo-640x457.png,https://www.supercarworld.com/images/flags/usa.gif,United States,1985
157,NIO,https://www.supercarworld.com/images/logos/NIO.gif,https://www.supercarworld.com/images/flags/china.gif,China,2014
158,Nardone Automotive,https://www.supercarworld.com/images/logos/Nardone%20Automotive.gif,https://www.supercarworld.com/images/flags/france.gif,France,2022
159,Nissan,https://www.carlogos.org/car-logos/nissan-logo-2020-black-show.png,https://www.supercarworld.com/images/flags/japan.gif,Japan,1933
160,Noble,https://www.carlogos.org/logo/Noble-logo-1920x1080.png,https://www.supercarworld.com/images/flags/gb.gif,United Kingdom,1999
161,Novitec,https://www.supercarworld.com/images/logos/Novitec.gif,https://www.supercarworld.com/images/flags/germany.gif,Germany,1989
162,Oldsmobile,https://www.carlogos.org/logo/Oldsmobile-logo-1996-1024x768.png,https://www.supercarworld.com/images/flags/usa.gif,United States,1897
163,Pagani,https://www.carlogos.org/logo/Pagani-logo-1992-1440x900.png,https://www.supercarworld.com/images/flags/italy.gif,Italy,1992
164,Panoz,https://www.carlogos.org/logo/Panoz-logo-1920x1080.png,https://www.supercarworld.com/images/flags/usa.gif,United States,1989
165,Panther,https://www.supercarworld.com/images/logos/Panther.gif,https://www.supercarworld.com/images/flags/gb.gif,United Kingdom,1972
166,Peugeot,https://www.carlogos.org/logo/Peugeot-logo-2010-1920x1080.png,https://www.supercarworld.com/images/flags/france.gif,France,1896
167,Piech,https://www.supercarworld.com/images/logos/Piech.gif,https://www.supercarworld.com/images/flags/switzerland.gif,Switzerland,2017
168,Pininfarina,https://www.carlogos.org/logo/Pininfarina-logo-2560x1440.png,https://www.supercarworld.com/images/flags/italy.gif,Italy,1930
169,Plymouth,https://www.carlogos.org/logo/Plymouth-logo-1920x1080.png,https://www.supercarworld.com/images/flags/usa.gif,United States,1928
170,Polaris,https://www.supercarworld.com/images/logos/Polaris.gif,https://www.supercarworld.com/images/flags/usa.gif,United States,1954
171,Polestar,https://www.carlogos.org/logo/Polestar-logo-1366x768.png,https://www.supercarworld.com/images/flags/sweden.gif,Sweden,2017
172,Pontiac,https://www.carlogos.org/logo/Pontiac-logo-2560x1440.png,https://www.supercarworld.com/images/flags/usa.gif,United States,1926
173,Porsche,https://www.carlogos.org/car-logos/porsche-logo-2014-full-640.png,https://www.supercarworld.com/images/flags/germany.gif,Germany,1931
174,Praga,https://www.carlogos.org/logo/Praga-logo-blue-1920x1080.png,https://www.supercarworld.com/images/flags/czechrepublic.gif,Czech,1907
175,Prato,https://www.supercarworld.com/images/logos/Prato.gif,https://www.supercarworld.com/images/flags/france.gif,France,2011
176,Prodrive,https://www.carlogos.org/logo/Prodrive-logo-2560x1440.png,https://www.supercarworld.com/images/flags/gb.gif,United Kingdom,1984
177,Puritalia,https://www.supercarworld.com/images/logos/Puritalia.gif,https://www.supercarworld.com/images/flags/italy.gif,Italy,2011
178,Quant,https://www.supercarworld.com/images/logos/Quant.gif,https://www.supercarworld.com/images/flags/switzerland.gif,Liechtenstein,1996
179,RAESR,https://www.supercarworld.com/images/logos/RAESR.gif,https://www.supercarworld.com/images/flags/usa.gif,United States,2014
180,RML,https://www.supercarworld.com/images/logos/RML.gif,https://www.supercarworld.com/images/flags/gb.gif,United Kingdom,1984
181,Radford,https://www.supercarworld.com/images/logos/Radford.gif,https://www.supercarworld.com/images/flags/gb.gif,United Kingdom,1948
182,Radical,https://www.carlogos.org/logo/Radical-Sportscars-logo-2000x800.png,https://www.supercarworld.com/images/flags/gb.gif,United Kingdom,1997
183,Red Bull,https://www.supercarworld.com/images/logos/Red%20Bull.gif,https://www.supercarworld.com/images/flags/gb.gif,Austria,2005
184,Renault,https://www.carlogos.org/logo/Renault-logo-2015-2048x2048.png,https://www.supercarworld.com/images/flags/france.gif,France,1899
185,Rimac,https://www.carlogos.org/logo/Rimac-logo-2016-2048x2048.png,https://www.supercarworld.com/images/flags/croatia.gif,Croatia,2009
186,Rinspeed,https://www.carlogos.org/logo/Rinspeed-logo-1920x1080.png,https://www.supercarworld.com/images/flags/switzerland.gif,Swiss,1979
187,Rolls Royce,https://www.carlogos.org/logo/Rolls-Royce-logo-2048x2048.png,https://www.supercarworld.com/images/flags/gb.gif,United Kingdom,1906
188,Roush,https://www.supercarworld.com/images/logos/Roush.gif,https://www.supercarworld.com/images/flags/usa.gif,United States,1976
189,Ruf,https://www.carlogos.org/logo/Ruf-logo-1366x768.png,https://www.supercarworld.com/images/flags/germany.gif,Germany,1939
190,SCG,https://www.supercarworld.com/images/logos/SCG.gif,https://www.supercarworld.com/images/flags/usa.gif,United States,2004
191,SSC,https://www.carlogos.org/logo/SSC-logo-2048x2048.png,https://www.supercarworld.com/images/flags/usa.gif,United States,1998
192,Saab,https://www.carlogos.org/logo/Saab-logo-2013-2000x450.png,https://www.supercarworld.com/images/flags/sweden.gif,Sweden,1937
193,Saleen,https://www.carlogos.org/logo/Saleen-logo-640x456.jpg,https://www.supercarworld.com/images/flags/usa.gif,United States,1984
194,Sbarro,https://www.supercarworld.com/images/logos/Sbarro.gif,https://www.supercarworld.com/images/flags/switzerland.gif,Switzerland,1971
195,Schuppan,https://www.supercarworld.com/images/logos/Schuppan.gif,https://www.supercarworld.com/images/flags/switzerland.gif,Australia,1992
196,Shelby,https://www.supercarworld.com/images/logos/Shelby.gif,https://www.supercarworld.com/images/flags/usa.gif,United States,1962
197,Sin,https://www.supercarworld.com/images/logos/Sin.gif,https://www.supercarworld.com/images/flags/bulgaria.gif,Bulgaria,2012
198,Singer,https://www.carlogos.org/logo/Singer-logo.png,https://www.supercarworld.com/images/flags/usa.gif,United Kingdom,1875
199,Spectre,https://www.supercarworld.com/images/logos/Spectre.gif,https://www.supercarworld.com/images/flags/gb.gif,United Kingdom,1996
200,Sportec,https://www.supercarworld.com/images/logos/Sportec.gif,https://www.supercarworld.com/images/flags/switzerland.gif,Switzerland,1997
201,Spyker,https://www.carlogos.org/logo/Spyker-logo-black-1920x1080.png,https://www.supercarworld.com/images/flags/netherlands.gif,Netherlands,1898
202,Startech,https://www.supercarworld.com/images/logos/Startech.gif,https://www.supercarworld.com/images/flags/germany.gif,Germany,1999
203,Stealth,https://www.supercarworld.com/images/logos/Stealth.gif,https://www.supercarworld.com/images/flags/gb.gif,United Kingdom,1999
204,Strathcarron,https://www.supercarworld.com/images/logos/Strathcarron.gif,https://www.supercarworld.com/images/flags/gb.gif,United Kingdom,1998
205,Studiotorino,https://www.supercarworld.com/images/logos/Studiotorino.gif,https://www.supercarworld.com/images/flags/italy.gif,Italy,2005
206,Subaru,https://www.carlogos.org/car-logos/subaru-logo-2019-640.png,https://www.supercarworld.com/images/flags/japan.gif,Japan,1953
207,Superformance,https://www.supercarworld.com/images/logos/Superformance.gif,https://www.supercarworld.com/images/flags/southafrica.gif,United States,1996
208,Superlite,https://www.supercarworld.com/images/logos/Superlite.gif,https://www.supercarworld.com/images/flags/usa.gif,United States,2006
209,TR Supercars,https://www.supercarworld.com/images/logos/TR%20Supercars.gif,https://www.supercarworld.com/images/flags/gb.gif,Slovenia,2012
210,TVR,https://www.carlogos.org/logo/TVR-logo-800x600.png,https://www.supercarworld.com/images/flags/gb.gif,United Kingdom,1947
211,Techart,https://www.carlogos.org/logo/TechArt-logo-2560x1440.png,https://www.supercarworld.com/images/flags/germany.gif,Germany,1987
212,Techrules,https://www.supercarworld.com/images/logos/Techrules.gif,https://www.supercarworld.com/images/flags/china.gif,China,2015
213,Tesla,https://www.carlogos.org/car-logos/tesla-logo-2007-full-640.png,https://www.supercarworld.com/images/flags/usa.gif,United States,2003
214,Tiger,https://www.supercarworld.com/images/logos/Tiger.gif,https://www.supercarworld.com/images/flags/gb.gif,United Kingdom,1989
215,Topcar,https://www.supercarworld.com/images/logos/Topcar.gif,https://www.supercarworld.com/images/flags/russia.gif,Russia,2004
216,Toroidion,https://www.supercarworld.com/images/logos/Toroidion.gif,https://www.supercarworld.com/images/flags/finland.gif,Finland,2011
217,Totem,https://www.supercarworld.com/images/logos/Totem.gif,https://www.supercarworld.com/images/flags/italy.gif,Italy,2018
218,Touring Superleggera,https://www.supercarworld.com/images/logos/Touring%20Superleggera.gif,https://www.supercarworld.com/images/flags/italy.gif,Italy,1926
219,Toyota,https://www.carlogos.org/car-logos/toyota-logo-1989-download.png,https://www.supercarworld.com/images/flags/japan.gif,Japan,1937
220,Tramontana,https://www.carlogos.org/logo/Tramontana-logo-black-1366x768.png,https://www.supercarworld.com/images/flags/spain.gif,Spain,2007
221,Trident,https://www.supercarworld.com/images/logos/Trident.gif,https://www.supercarworld.com/images/flags/gb.gif,United Kingdom,1966
222,Tuthill,https://www.supercarworld.com/images/logos/Tuthill.gif,https://www.supercarworld.com/images/flags/gb.gif,United Kingdom,1982
223,UVA,https://www.supercarworld.com/images/logos/UVA.gif,https://www.supercarworld.com/images/flags/gb.gif,United Kingdom,1981
224,Ultima,https://www.carlogos.org/logo/Ultima-Sports-logo-640x480.png,https://www.supercarworld.com/images/flags/gb.gif,United Kingdom,1992
225,Vanda,https://www.supercarworld.com/images/logos/Vanda.gif,https://www.supercarworld.com/images/flags/singapore.gif,Singapore,2016
226,Vauxhall,https://www.carlogos.org/logo/Vauxhall-logo-2008-red-2560x1440.png,https://www.supercarworld.com/images/flags/gb.gif,United Kingdom,1857
227,Vazirani,https://www.supercarworld.com/images/logos/Vazirani.gif,https://www.supercarworld.com/images/flags/india.gif,India,2015
228,Vector,https://www.carlogos.org/logo/Vector-Motors-logo-1366x768.png,https://www.supercarworld.com/images/flags/usa.gif,United States,1971
229,Vemac,https://www.supercarworld.com/images/logos/Vemac.gif,https://www.supercarworld.com/images/flags/japan.gif,Japan,1998
230,Venturi,https://www.supercarworld.com/images/logos/Venturi.gif,https://www.supercarworld.com/images/flags/france.gif,France,1984
231,Veritas,https://www.supercarworld.com/images/logos/Veritas.gif,https://www.supercarworld.com/images/flags/germany.gif,Germany,1947
232,Volkswagen,https://www.carlogos.org/logo/Volkswagen-logo-2019-1500x1500.png,https://www.supercarworld.com/images/flags/germany.gif,Germany,1937
233,Vortex,https://www.supercarworld.com/images/logos/Vortex.gif,https://www.supercarworld.com/images/flags/gb.gif,United Kingdom,1997
234,W Motors,https://www.carlogos.org/logo/W-Motors-logo-2560x1440.png,https://www.supercarworld.com/images/flags/uae.gif,UAE,2012
235,Weineck,https://www.supercarworld.com/images/logos/Weineck.gif,https://www.supercarworld.com/images/flags/germany.gif,Germany,1990
236,Westfield,https://www.carlogos.org/logo/Westfield-logo-1024x768.png,https://www.supercarworld.com/images/flags/gb.gif,United Kingdom,1982
237,Wiesmann,https://www.carlogos.org/logo/Wiesmann-logo-2048x2048.png,https://www.supercarworld.com/images/flags/germany.gif,Germany,1988
238,Wolfrace,https://www.supercarworld.com/images/logos/Wolfrace.gif,https://www.supercarworld.com/images/flags/gb.gif,United Kingdom,1971
239,Xiaomi,https://www.supercarworld.com/images/logos/Xiaomi.gif,https://www.supercarworld.com/images/flags/china.gif,China,2021
240,Yamaha,https://www.supercarworld.com/images/logos/Yamaha.gif,https://www.supercarworld.com/images/flags/japan.gif,Japan,1955
241,Yangwang,https://www.supercarworld.com/images/logos/Yangwang.gif,https://www.supercarworld.com/images/flags/china.gif,China,2023
242,Zagato,https://www.supercarworld.com/images/logos/Zagato.gif,https://www.supercarworld.com/images/flags/italy.gif,Italy,1919
243,Zenos,https://www.carlogos.org/logo/Zenos-Cars-logo-1920x1080.png,https://www.supercarworld.com/images/flags/gb.gif,United Kingdom,2012
244,Zenvo,https://www.carlogos.org/logo/Zenvo-logo-2009-2560x1440.png,https://www.supercarworld.com/images/flags/denmark.gif,Denmark,2009
